Datetime,Water Level (m)
2025-09-14 12:00:00,0.53178924
2025-09-14 13:00:00,0.76114726
2025-09-14 14:00:00,0.8914757
2025-09-14 15:00:00,0.91277
2025-09-14 16:00:00,0.78806096
2025-09-14 17:00:00,0.6062727
2025-09-14 18:00:00,0.41457134
2025-09-14 19:00:00,0.23670818
2025-09-14 20:00:00,0.08053511
2025-09-14 21:00:00,-0.042651985
2025-09-14 22:00:00,-0.023140937
2025-09-14 23:00:00,0.30853865
2025-09-15 00:00:00,0.6803114
2025-09-15 01:00:00,1.048013
2025-09-15 02:00:00,1.2764572
2025-09-15 03:00:00,1.4307832
2025-09-15 04:00:00,1.4075037
2025-09-15 05:00:00,1.2099934
2025-09-15 06:00:00,0.97686183
2025-09-15 07:00:00,0.7806239
2025-09-15 08:00:00,0.58692753
2025-09-15 09:00:00,0.4048963
2025-09-15 10:00:00,0.25753585
2025-09-15 11:00:00,0.15584166
2025-09-15 12:00:00,0.20828263
2025-09-15 13:00:00,0.45904985
2025-09-15 14:00:00,0.7734993
2025-09-15 15:00:00,0.9736273
2025-09-15 16:00:00,1.0237126
2025-09-15 17:00:00,0.9879422
2025-09-15 18:00:00,0.89059454
2025-09-15 19:00:00,0.7181048
2025-09-15 20:00:00,0.5396799
2025-09-15 21:00:00,0.37830514
2025-09-15 22:00:00,0.25006846
2025-09-15 23:00:00,0.1745815
2025-09-16 00:00:00,0.26991192
2025-09-16 01:00:00,0.5554095
2025-09-16 02:00:00,0.93221015
2025-09-16 03:00:00,1.2432446
2025-09-16 04:00:00,1.4375114
2025-09-16 05:00:00,1.5290542
2025-09-16 06:00:00,1.4604473
2025-09-16 07:00:00,1.248735
2025-09-16 08:00:00,1.0238245
2025-09-16 09:00:00,0.81064355
2025-09-16 10:00:00,0.60803276
2025-09-16 11:00:00,0.42782122
2025-09-16 12:00:00,0.28008345
2025-09-16 13:00:00,0.18428616
2025-09-16 14:00:00,0.26361126
2025-09-16 15:00:00,0.5455008
2025-09-16 16:00:00,0.8815926
2025-09-16 17:00:00,1.0732112
2025-09-16 18:00:00,1.1099972
2025-09-16 19:00:00,1.0633347
2025-09-16 20:00:00,0.94912404
2025-09-16 21:00:00,0.75261056
2025-09-16 22:00:00,0.56475604
2025-09-16 23:00:00,0.40140012
2025-09-17 00:00:00,0.2778737
2025-09-17 01:00:00,0.22363074
2025-09-17 02:00:00,0.3650931
2025-09-17 03:00:00,0.67844087
2025-09-17 04:00:00,1.058026
2025-09-17 05:00:00,1.3329278
2025-09-17 06:00:00,1.4877704
2025-09-17 07:00:00,1.50823
2025-09-17 08:00:00,1.3591487
2025-09-17 09:00:00,1.1230373
2025-09-17 10:00:00,0.8945382
2025-09-17 11:00:00,0.6827819
2025-09-17 12:00:00,0.4857152
2025-09-17 13:00:00,0.31931373
2025-09-17 14:00:00,0.19046889
2025-09-17 15:00:00,0.22181033
2025-09-17 16:00:00,0.5095436
2025-09-17 17:00:00,0.8922722
2025-09-17 18:00:00,1.165357
2025-09-17 19:00:00,1.2377918
2025-09-17 20:00:00,1.1936848
2025-09-17 21:00:00,1.0716497
2025-09-17 22:00:00,0.86580825
2025-09-17 23:00:00,0.654373
2025-09-18 00:00:00,0.4666785
2025-09-18 01:00:00,0.30781907
2025-09-18 02:00:00,0.18938869
2025-09-18 03:00:00,0.26173076
2025-09-18 04:00:00,0.62485594
2025-09-18 05:00:00,1.0681028
2025-09-18 06:00:00,1.4132848
2025-09-18 07:00:00,1.5689753
2025-09-18 08:00:00,1.583171
2025-09-18 09:00:00,1.4203492
2025-09-18 10:00:00,1.1728368
2025-09-18 11:00:00,0.93249
2025-09-18 12:00:00,0.71308565
2025-09-18 13:00:00,0.5094259
2025-09-18 14:00:00,0.3354951
2025-09-18 15:00:00,0.20201148
2025-09-18 16:00:00,0.2877263
2025-09-18 17:00:00,0.6634894
2025-09-18 18:00:00,1.1017134
2025-09-18 19:00:00,1.3708681
2025-09-18 20:00:00,1.4198909
2025-09-18 21:00:00,1.3395789
2025-09-18 22:00:00,1.1642114
2025-09-18 23:00:00,0.9278278
2025-09-19 00:00:00,0.7034316
2025-09-19 01:00:00,0.50111777
2025-09-19 02:00:00,0.32823682
2025-09-19 03:00:00,0.19757874
2025-09-19 04:00:00,0.31923702
2025-09-19 05:00:00,0.74660087
2025-09-19 06:00:00,1.2273701
2025-09-19 07:00:00,1.5600048
2025-09-19 08:00:00,1.6759137
2025-09-19 09:00:00,1.6270703
2025-09-19 10:00:00,1.4078819
2025-09-19 11:00:00,1.1493441
2025-09-19 12:00:00,0.90775824
2025-09-19 13:00:00,0.6834649
2025-09-19 14:00:00,0.48102495
2025-09-19 15:00:00,0.30654615
2025-09-19 16:00:00,0.20516275
2025-09-19 17:00:00,0.46790376
2025-09-19 18:00:00,0.9326404
2025-09-19 19:00:00,1.3753054
2025-09-19 20:00:00,1.5624633
2025-09-19 21:00:00,1.5597597
2025-09-19 22:00:00,1.4201187
2025-09-19 23:00:00,1.1848135
2025-09-20 00:00:00,0.93463564
2025-09-20 01:00:00,0.70930994
2025-09-20 02:00:00,0.50285476
2025-09-20 03:00:00,0.3265549
2025-09-20 04:00:00,0.21590033
2025-09-20 05:00:00,0.4955598
2025-09-20 06:00:00,0.99278706
2025-09-20 07:00:00,1.4790391
2025-09-20 08:00:00,1.7182583
2025-09-20 09:00:00,1.7514582
2025-09-20 10:00:00,1.6143808
2025-09-20 11:00:00,1.354168
2025-09-20 12:00:00,1.0906348
